Layer,Feature Name,Time,Geometry,Lat,Lon,X,Y,Elevation,Ortho Height,Instrument Ht,Fix ID,Speed,Bearing,Horizontal Accuracy,Vertical Accuracy,PDOP,HDOP,VDOP,Satellites in View,Satellites in Use
Visine,,11/24/2025 13:28:19.000 GMT+01:00,POINT Z (20.459498333 44.821333333 140.500),44.821333333,20.459498333,457268.011,4963245.189,140.5,0.0,0.0,1.0,0.0,255.169,2.5,3.0,1.4,0.6,1.2,0.0,0.0
Visine,,11/24/2025 13:28:22.000 GMT+01:00,POINT Z (20.459481667 44.821320000 138.800),44.82132,20.459481667,457266.683,4963243.717,138.8,0.0,0.0,1.0,0.206,228.567,2.0,3.0,1.2,0.6,1.0,0.0,0.0
Visine,,11/24/2025 13:28:25.000 GMT+01:00,POINT Z (20.459478333 44.821303333 137.200),44.821303333,20.459478333,457266.408,4963241.867,137.2,0.0,0.0,1.0,0.566,238.196,2.0,2.0,1.0,0.4,0.8,0.0,0.0
Visine,,11/24/2025 13:28:33.000 GMT+01:00,POINT Z (20.459406667 44.821228333 140.700),44.821228333,20.459406667,457260.686,4963233.574,140.7,0.0,0.0,1.0,1.029,247.427,2.5,3.0,1.2,0.6,1.0,0.0,0.0
Visine,,11/24/2025 13:28:38.000 GMT+01:00,POINT Z (20.459363333 44.821186667 141.400),44.821186667,20.459363333,457257.229,4963228.968,141.4,0.0,0.0,1.0,1.08,238.457,2.5,3.0,1.0,0.6,0.8,0.0,0.0
Visine,,11/24/2025 13:28:42.000 GMT+01:00,POINT Z (20.459323333 44.821146667 139.700),44.821146667,20.459323333,457254.037,4963224.546,139.7,0.0,0.0,1.0,1.235,234.832,2.0,3.0,1.0,0.6,0.8,0.0,0.0
Visine,,11/24/2025 13:28:53.000 GMT+01:00,POINT Z (20.459215000 44.821061667 143.200),44.821061667,20.459215,457245.41,4963215.16,143.2,0.0,0.0,1.0,0.566,251.894,2.0,3.0,1.0,0.6,0.8,0.0,0.0
Visine,,11/24/2025 13:29:04.000 GMT+01:00,POINT Z (20.459161667 44.820971667 140.200),44.820971667,20.459161667,457241.127,4963205.191,140.2,0.0,0.0,1.0,0.977,243.008,2.0,3.0,1.2,0.6,0.8,0.0,0.0
Visine,,11/24/2025 13:29:08.000 GMT+01:00,POINT Z (20.459136667 44.820950000 140.300),44.82095,20.459136667,457239.134,4963202.797,140.3,0.0,0.0,1.0,1.029,240.792,1.5,2.0,1.0,0.6,0.8,0.0,0.0
Visine,,11/24/2025 13:29:10.000 GMT+01:00,POINT Z (20.459125000 44.820938333 140.500),44.820938333,20.459125,457238.203,4963201.507,140.5,0.0,0.0,1.0,0.926,231.611,1.5,2.0,1.0,0.6,0.8,0.0,0.0
Visine,,11/24/2025 13:29:14.000 GMT+01:00,POINT Z (20.459081667 44.820916667 142.000),44.820916667,20.459081667,457234.761,4963199.123,142.0,0.0,0.0,1.0,1.029,231.921,1.5,2.0,1.2,0.6,1.0,0.0,0.0
Visine,,11/24/2025 13:29:20.000 GMT+01:00,POINT Z (20.459018333 44.820885000 142.800),44.820885,20.459018333,457229.731,4963195.639,142.8,0.0,0.0,1.0,0.566,243.691,2.0,3.0,1.2,0.6,1.0,0.0,0.0
Visine,,11/24/2025 13:29:25.000 GMT+01:00,POINT Z (20.459001667 44.820850000 140.200),44.82085,20.459001667,457228.387,4963191.76,140.2,0.0,0.0,1.0,1.029,256.22,2.0,3.0,1.0,0.6,0.8,0.0,0.0
Visine,,11/24/2025 13:29:35.000 GMT+01:00,POINT Z (20.458906667 44.820753333 140.600),44.820753333,20.458906667,457220.805,4963181.072,140.6,0.0,0.0,1.0,1.183,269.221,2.0,3.0,1.0,0.4,0.8,0.0,0.0
Visine,,11/24/2025 13:29:46.000 GMT+01:00,POINT Z (20.458801667 44.820648333 140.000),44.820648333,20.458801667,457212.426,4963169.463,140.0,0.0,0.0,1.0,1.08,245.912,2.5,3.0,1.0,0.6,0.8,0.0,0.0
Visine,,11/24/2025 13:30:08.000 GMT+01:00,POINT Z (20.458541667 44.820466667 137.300),44.820466667,20.458541667,457191.736,4963149.42,137.3,0.0,0.0,1.0,1.08,226.428,2.5,3.0,1.0,0.4,0.8,0.0,0.0
Visine,,11/24/2025 13:30:14.000 GMT+01:00,POINT Z (20.458486667 44.820436667 137.400),44.820436667,20.458486667,457187.365,4963146.116,137.4,0.0,0.0,1.0,0.772,245.342,2.5,3.0,1.0,0.6,0.8,0.0,0.0
Visine,,11/24/2025 13:30:19.000 GMT+01:00,POINT Z (20.458441667 44.820428333 138.200),44.820428333,20.458441667,457183.801,4963145.214,138.2,0.0,0.0,1.0,0.617,257.679,2.5,3.0,1.0,0.6,0.8,0.0,0.0
Visine,,11/24/2025 13:30:22.000 GMT+01:00,POINT Z (20.458428333 44.820418333 139.800),44.820418333,20.458428333,457182.74,4963144.111,139.8,0.0,0.0,1.0,0.463,275.581,2.5,3.0,1.0,0.4,0.8,0.0,0.0
Visine,,11/24/2025 13:30:24.000 GMT+01:00,POINT Z (20.458425000 44.820420000 140.100),44.82042,20.458425,457182.477,4963144.297,140.1,0.0,0.0,1.0,0.617,308.983,2.5,3.0,1.0,0.4,0.8,0.0,0.0
Visine,,11/24/2025 13:30:25.000 GMT+01:00,POINT Z (20.458418333 44.820423333 140.800),44.820423333,20.458418333,457181.953,4963144.671,140.8,0.0,0.0,1.0,0.257,325.593,2.5,3.0,1.0,0.4,0.8,0.0,0.0
Visine,,11/24/2025 13:30:28.000 GMT+01:00,POINT Z (20.458410000 44.820411667 140.400),44.820411667,20.45841,457181.285,4963143.38,140.4,0.0,0.0,1.0,0.463,249.12,2.0,3.0,0.8,0.4,0.6,0.0,0.0
Visine,,11/24/2025 13:30:30.000 GMT+01:00,POINT Z (20.458396667 44.820400000 140.700),44.8204,20.458396667,457180.222,4963142.091,140.7,0.0,0.0,1.0,0.463,241.727,2.0,3.0,1.0,0.4,0.8,0.0,0.0
Visine,,11/24/2025 13:30:32.000 GMT+01:00,POINT Z (20.458390000 44.820396667 141.500),44.820396667,20.45839,457179.693,4963141.724,141.5,0.0,0.0,1.0,0.412,254.332,2.0,3.0,1.0,0.6,0.8,0.0,0.0
Visine,,11/24/2025 13:30:33.000 GMT+01:00,POINT Z (20.458383333 44.820390000 141.600),44.82039,20.458383333,457179.161,4963140.987,141.6,0.0,0.0,1.0,0.72,252.27,2.0,3.0,1.0,0.6,0.8,0.0,0.0
Visine,,11/24/2025 13:30:35.000 GMT+01:00,POINT Z (20.458376667 44.820376667 142.300),44.820376667,20.458376667,457178.624,4963139.509,142.3,0.0,0.0,1.0,0.926,245.603,2.0,3.0,0.8,0.4,0.6,0.0,0.0
Visine,,11/24/2025 13:30:37.000 GMT+01:00,POINT Z (20.458365000 44.820366667 142.800),44.820366667,20.458365,457177.694,4963138.405,142.8,0.0,0.0,1.0,0.669,227.546,2.0,3.0,1.0,0.4,0.8,0.0,0.0
Visine,,11/24/2025 13:30:40.000 GMT+01:00,POINT Z (20.458346667 44.820341667 143.700),44.820341667,20.458346667,457176.226,4963135.637,143.7,0.0,0.0,1.0,0.823,235.164,2.0,3.0,1.0,0.6,0.8,0.0,0.0
Visine,,11/24/2025 13:30:42.000 GMT+01:00,POINT Z (20.458340000 44.820325000 144.400),44.820325,20.45834,457175.687,4963133.789,144.4,0.0,0.0,1.0,0.617,246.232,2.0,3.0,1.0,0.6,0.8,0.0,0.0
Visine,,11/24/2025 13:30:44.000 GMT+01:00,POINT Z (20.458328333 44.820306667 144.400),44.820306667,20.458328333,457174.751,4963131.759,144.4,0.0,0.0,1.0,0.875,280.582,2.0,3.0,1.0,0.6,0.8,0.0,0.0
Visine,,11/24/2025 13:30:46.000 GMT+01:00,POINT Z (20.458315000 44.820305000 145.500),44.820305,20.458315,457173.695,4963131.581,145.5,0.0,0.0,1.0,0.72,29.071,2.0,3.0,1.0,0.4,0.8,0.0,0.0
Visine,,11/24/2025 13:30:48.000 GMT+01:00,POINT Z (20.458325000 44.820313333 146.400),44.820313333,20.458325,457174.492,4963132.501,146.4,0.0,0.0,1.0,0.103,44.438,2.0,3.0,1.0,0.6,0.8,0.0,0.0
Visine,,11/24/2025 13:30:50.000 GMT+01:00,POINT Z (20.458335000 44.820318333 147.600),44.820318333,20.458335,457175.287,4963133.051,147.6,0.0,0.0,1.0,0.309,31.31,2.0,3.0,1.0,0.6,0.8,0.0,0.0
Visine,,11/24/2025 13:30:52.000 GMT+01:00,POINT Z (20.458348333 44.820325000 148.700),44.820325,20.458348333,457176.346,4963133.785,148.7,0.0,0.0,1.0,0.103,26.191,2.0,3.0,1.0,0.6,0.8,0.0,0.0
Visine,,11/24/2025 13:30:53.000 GMT+01:00,POINT Z (20.458355000 44.820328333 149.800),44.820328333,20.458355,457176.875,4963134.152,149.8,0.0,0.0,1.0,0.514,61.888,2.0,3.0,1.0,0.6,0.8,0.0,0.0
Visine,,11/24/2025 13:30:55.000 GMT+01:00,POINT Z (20.458368333 44.820333333 150.900),44.820333333,20.458368333,457177.933,4963134.7,150.9,0.0,0.0,1.0,0.412,38.839,2.0,3.0,0.8,0.4,0.8,0.0,0.0
Visine,,11/24/2025 13:30:57.000 GMT+01:00,POINT Z (20.458375000 44.820341667 151.800),44.820341667,20.458375,457178.466,4963135.622,151.8,0.0,0.0,1.0,0.36,47.557,2.0,3.0,0.8,0.4,0.8,0.0,0.0
Visine,,11/24/2025 13:30:59.000 GMT+01:00,POINT Z (20.458383333 44.820346667 152.300),44.820346667,20.458383333,457179.129,4963136.173,152.3,0.0,0.0,1.0,0.309,49.441,2.0,3.0,0.8,0.4,0.8,0.0,0.0
Visine,,11/24/2025 13:31:01.000 GMT+01:00,POINT Z (20.458395000 44.820353333 152.500),44.820353333,20.458395,457180.056,4963136.908,152.5,0.0,0.0,1.0,0.36,46.698,2.0,3.0,1.0,0.6,0.8,0.0,0.0
Visine,,11/24/2025 13:31:03.000 GMT+01:00,POINT Z (20.458406667 44.820356667 153.200),44.820356667,20.458406667,457180.981,4963137.272,153.2,0.0,0.0,1.0,0.257,48.273,2.0,3.0,1.0,0.6,0.8,0.0,0.0
Visine,,11/24/2025 13:31:04.000 GMT+01:00,POINT Z (20.458411667 44.820360000 153.400),44.82036,20.458411667,457181.379,4963137.639,153.4,0.0,0.0,1.0,0.206,58.468,2.0,3.0,1.0,0.6,0.8,0.0,0.0
Visine,,11/24/2025 13:31:06.000 GMT+01:00,POINT Z (20.458420000 44.820365000 154.500),44.820365,20.45842,457182.041,4963138.19,154.5,0.0,0.0,1.0,0.103,30.254,2.0,3.0,1.0,0.6,0.8,0.0,0.0
Visine,,11/24/2025 13:31:08.000 GMT+01:00,POINT Z (20.458425000 44.820366667 154.500),44.820366667,20.458425,457182.438,4963138.373,154.5,0.0,0.0,1.0,0.257,329.595,2.0,3.0,1.2,0.6,1.0,0.0,0.0
Visine,,11/24/2025 13:31:10.000 GMT+01:00,POINT Z (20.458426667 44.820366667 153.400),44.820366667,20.458426667,457182.57,4963138.372,153.4,0.0,0.0,1.0,0.154,318.145,2.0,3.0,1.0,0.6,0.8,0.0,0.0
Visine,,11/24/2025 13:31:11.000 GMT+01:00,POINT Z (20.458425000 44.820365000 153.800),44.820365,20.458425,457182.437,4963138.188,153.8,0.0,0.0,1.0,0.206,322.112,2.0,3.0,1.0,0.4,0.8,0.0,0.0
Visine,,11/24/2025 13:31:13.000 GMT+01:00,POINT Z (20.458421667 44.820368333 154.200),44.820368333,20.458421667,457182.176,4963138.56,154.2,0.0,0.0,1.0,0.103,339.356,2.0,3.0,1.0,0.4,0.8,0.0,0.0
Visine,,11/24/2025 13:31:15.000 GMT+01:00,POINT Z (20.458423333 44.820375000 155.000),44.820375,20.458423333,457182.312,4963139.3,155.0,0.0,0.0,1.0,0.206,35.961,2.0,3.0,1.0,0.6,0.8,0.0,0.0
Visine,,11/24/2025 13:31:16.000 GMT+01:00,POINT Z (20.458426667 44.820371667 155.200),44.820371667,20.458426667,457182.573,4963138.928,155.2,0.0,0.0,1.0,0.103,30.483,2.0,3.0,1.0,0.6,0.8,0.0,0.0
Visine,,11/24/2025 13:31:18.000 GMT+01:00,POINT Z (20.458431667 44.820370000 154.500),44.82037,20.458431667,457182.967,4963138.74,154.5,0.0,0.0,1.0,0.154,30.629,2.0,3.0,1.0,0.6,0.8,0.0,0.0
Visine,,11/24/2025 13:31:20.000 GMT+01:00,POINT Z (20.458426667 44.820371667 155.400),44.820371667,20.458426667,457182.573,4963138.928,155.4,0.0,0.0,1.0,0.257,327.61,2.0,3.0,1.0,0.6,0.8,0.0,0.0
Visine,,11/24/2025 13:31:25.000 GMT+01:00,POINT Z (20.458400000 44.820380000 154.800),44.82038,20.4584,457180.471,4963139.867,154.8,0.0,0.0,1.0,0.206,320.281,2.0,3.0,1.0,0.6,0.8,0.0,0.0
Visine,,11/24/2025 13:31:26.000 GMT+01:00,POINT Z (20.458393333 44.820383333 154.400),44.820383333,20.458393333,457179.947,4963140.241,154.4,0.0,0.0,1.0,0.617,324.007,2.0,3.0,1.0,0.6,0.8,0.0,0.0
Visine,,11/24/2025 13:31:28.000 GMT+01:00,POINT Z (20.458383333 44.820383333 154.000),44.820383333,20.458383333,457179.156,4963140.246,154.0,0.0,0.0,1.0,0.36,243.49,2.0,3.0,1.0,0.6,0.8,0.0,0.0
Visine,,11/24/2025 13:31:30.000 GMT+01:00,POINT Z (20.458368333 44.820360000 154.000),44.82036,20.458368333,457177.953,4963137.662,154.0,0.0,0.0,1.0,1.235,212.641,2.5,3.0,1.0,0.4,0.8,0.0,0.0
Visine,,11/24/2025 13:31:32.000 GMT+01:00,POINT Z (20.458353333 44.820351667 153.300),44.820351667,20.458353333,457176.761,4963136.745,153.3,0.0,0.0,1.0,0.514,212.437,2.5,3.0,1.0,0.4,0.8,0.0,0.0
Visine,,11/24/2025 13:31:34.000 GMT+01:00,POINT Z (20.458335000 44.820345000 152.900),44.820345,20.458335,457175.306,4963136.014,152.9,0.0,0.0,1.0,0.514,210.869,2.5,3.0,1.0,0.6,0.8,0.0,0.0
Visine,,11/24/2025 13:31:35.000 GMT+01:00,POINT Z (20.458326667 44.820341667 152.800),44.820341667,20.458326667,457174.645,4963135.648,152.8,0.0,0.0,1.0,0.514,217.379,2.5,3.0,0.8,0.4,0.8,0.0,0.0
Visine,,11/24/2025 13:31:37.000 GMT+01:00,POINT Z (20.458308333 44.820328333 152.700),44.820328333,20.458308333,457173.186,4963134.176,152.7,0.0,0.0,1.0,0.772,227.27,2.5,3.0,1.2,0.6,1.0,0.0,0.0
Visine,,11/24/2025 13:31:39.000 GMT+01:00,POINT Z (20.458300000 44.820311667 152.200),44.820311667,20.4583,457172.514,4963132.329,152.2,0.0,0.0,1.0,0.823,212.479,2.5,3.0,1.0,0.4,0.8,0.0,0.0
Visine,,11/24/2025 13:31:41.000 GMT+01:00,POINT Z (20.458290000 44.820303333 151.400),44.820303333,20.45829,457171.718,4963131.409,151.4,0.0,0.0,1.0,0.669,248.425,2.5,3.0,0.8,0.4,0.8,0.0,0.0
Visine,,11/24/2025 13:31:43.000 GMT+01:00,POINT Z (20.458285000 44.820296667 150.500),44.820296667,20.458285,457171.317,4963130.671,150.5,0.0,0.0,1.0,0.617,230.35,2.5,3.0,1.0,0.6,0.8,0.0,0.0
Visine,,11/24/2025 13:31:44.000 GMT+01:00,POINT Z (20.458283333 44.820293333 149.800),44.820293333,20.458283333,457171.183,4963130.301,149.8,0.0,0.0,1.0,0.823,231.846,2.5,3.0,1.0,0.6,0.8,0.0,0.0
Visine,,11/24/2025 13:31:46.000 GMT+01:00,POINT Z (20.458266667 44.820305000 150.000),44.820305,20.458266667,457169.874,4963131.606,150.0,0.0,0.0,1.0,0.051,288.826,2.5,3.0,1.0,0.6,0.8,0.0,0.0
Visine,,11/24/2025 13:31:48.000 GMT+01:00,POINT Z (20.458253333 44.820313333 150.300),44.820313333,20.458253333,457168.826,4963132.539,150.3,0.0,0.0,1.0,0.257,284.711,2.5,3.0,1.2,0.6,1.0,0.0,0.0
Visine,,11/24/2025 13:31:50.000 GMT+01:00,POINT Z (20.458238333 44.820325000 150.500),44.820325,20.458238333,457167.649,4963133.843,150.5,0.0,0.0,1.0,0.412,303.097,2.0,3.0,1.0,0.6,0.8,0.0,0.0
Visine,,11/24/2025 13:31:59.000 GMT+01:00,POINT Z (20.458171667 44.820356667 150.500),44.820356667,20.458171667,457162.402,4963137.396,150.5,0.0,0.0,1.0,0.206,298.033,2.0,3.0,1.2,0.6,1.0,0.0,0.0
Visine,,11/24/2025 13:32:01.000 GMT+01:00,POINT Z (20.458156667 44.820356667 150.400),44.820356667,20.458156667,457161.216,4963137.404,150.4,0.0,0.0,1.0,0.412,296.988,2.0,3.0,1.0,0.4,0.8,0.0,0.0
Visine,,11/24/2025 13:32:04.000 GMT+01:00,POINT Z (20.458131667 44.820366667 150.200),44.820366667,20.458131667,457159.247,4963138.528,150.2,0.0,0.0,1.0,0.669,8.691,2.0,3.0,1.2,0.6,1.0,0.0,0.0
Visine,,11/24/2025 13:32:06.000 GMT+01:00,POINT Z (20.458130000 44.820371667 150.200),44.820371667,20.45813,457159.118,4963139.084,150.2,0.0,0.0,1.0,0.206,27.036,2.0,3.0,1.2,0.6,1.0,0.0,0.0
Visine,,11/24/2025 13:32:09.000 GMT+01:00,POINT Z (20.458123333 44.820365000 150.300),44.820365,20.458123333,457158.586,4963138.347,150.3,0.0,0.0,1.0,0.36,252.789,2.0,3.0,1.0,0.4,0.8,0.0,0.0
Visine,,11/24/2025 13:32:10.000 GMT+01:00,POINT Z (20.458118333 44.820361667 150.400),44.820361667,20.458118333,457158.189,4963137.979,150.4,0.0,0.0,1.0,0.412,254.257,2.0,3.0,1.0,0.6,0.8,0.0,0.0
Visine,,11/24/2025 13:32:12.000 GMT+01:00,POINT Z (20.458110000 44.820351667 150.700),44.820351667,20.45811,457157.522,4963136.873,150.7,0.0,0.0,1.0,0.669,239.479,2.0,3.0,1.2,0.6,1.0,0.0,0.0
Visine,,11/24/2025 13:32:14.000 GMT+01:00,POINT Z (20.458098333 44.820341667 150.800),44.820341667,20.458098333,457156.593,4963135.768,150.8,0.0,0.0,1.0,0.566,234.33,2.0,3.0,1.0,0.4,0.8,0.0,0.0
Visine,,11/24/2025 13:32:16.000 GMT+01:00,POINT Z (20.458090000 44.820331667 151.200),44.820331667,20.45809,457155.926,4963134.662,151.2,0.0,0.0,1.0,0.875,252.753,2.0,3.0,1.0,0.6,0.8,0.0,0.0
Visine,,11/24/2025 13:32:17.000 GMT+01:00,POINT Z (20.458083333 44.820326667 151.700),44.820326667,20.458083333,457155.396,4963134.11,151.7,0.0,0.0,1.0,0.72,240.29,2.0,3.0,1.0,0.6,0.8,0.0,0.0
Visine,,11/24/2025 13:32:19.000 GMT+01:00,POINT Z (20.458073333 44.820311667 151.700),44.820311667,20.458073333,457154.594,4963132.449,151.7,0.0,0.0,1.0,0.72,242.954,2.0,3.0,1.0,0.6,0.8,0.0,0.0
Visine,,11/24/2025 13:32:21.000 GMT+01:00,POINT Z (20.458061667 44.820303333 152.500),44.820303333,20.458061667,457153.665,4963131.529,152.5,0.0,0.0,1.0,0.669,251.77,2.0,3.0,1.0,0.6,0.8,0.0,0.0
Visine,,11/24/2025 13:32:23.000 GMT+01:00,POINT Z (20.458048333 44.820295000 153.300),44.820295,20.458048333,457152.605,4963130.61,153.3,0.0,0.0,1.0,0.72,247.287,2.0,3.0,1.2,0.6,1.0,0.0,0.0
Visine,,11/24/2025 13:32:25.000 GMT+01:00,POINT Z (20.458038333 44.820286667 153.000),44.820286667,20.458038333,457151.808,4963129.69,153.0,0.0,0.0,1.0,0.72,250.419,2.0,3.0,1.0,0.4,0.8,0.0,0.0
Visine,,11/24/2025 13:32:27.000 GMT+01:00,POINT Z (20.458026667 44.820271667 153.600),44.820271667,20.458026667,457150.875,4963128.03,153.6,0.0,0.0,1.0,0.875,232.742,2.0,3.0,1.0,0.4,0.8,0.0,0.0
Visine,,11/24/2025 13:32:29.000 GMT+01:00,POINT Z (20.458011667 44.820260000 153.600),44.82026,20.458011667,457149.68,4963126.742,153.6,0.0,0.0,1.0,0.875,242.851,2.0,3.0,1.2,0.6,1.0,0.0,0.0
Visine,,11/24/2025 13:32:31.000 GMT+01:00,POINT Z (20.457993333 44.820246667 154.200),44.820246667,20.457993333,457148.221,4963125.27,154.2,0.0,0.0,1.0,0.926,223.027,2.0,3.0,1.0,0.4,0.8,0.0,0.0
Visine,,11/24/2025 13:32:33.000 GMT+01:00,POINT Z (20.457981667 44.820236667 154.800),44.820236667,20.457981667,457147.291,4963124.166,154.8,0.0,0.0,1.0,0.772,237.118,1.5,3.0,1.0,0.4,0.8,0.0,0.0
Visine,,11/24/2025 13:32:35.000 GMT+01:00,POINT Z (20.457971667 44.820228333 155.500),44.820228333,20.457971667,457146.494,4963123.245,155.5,0.0,0.0,1.0,0.72,245.644,2.0,3.0,1.0,0.4,0.8,0.0,0.0
Visine,,11/24/2025 13:32:36.000 GMT+01:00,POINT Z (20.457965000 44.820225000 155.800),44.820225,20.457965,457145.965,4963122.879,155.8,0.0,0.0,1.0,0.875,236.907,2.0,3.0,1.0,0.4,0.8,0.0,0.0
Visine,,11/24/2025 13:32:38.000 GMT+01:00,POINT Z (20.457953333 44.820208333 155.800),44.820208333,20.457953333,457145.03,4963121.033,155.8,0.0,0.0,1.0,0.72,231.441,2.0,3.0,1.0,0.4,0.8,0.0,0.0
Visine,,11/24/2025 13:32:40.000 GMT+01:00,POINT Z (20.457938333 44.820193333 155.400),44.820193333,20.457938333,457143.833,4963119.375,155.4,0.0,0.0,1.0,0.772,238.316,2.0,3.0,1.0,0.4,0.8,0.0,0.0
Visine,,11/24/2025 13:32:43.000 GMT+01:00,POINT Z (20.457916667 44.820183333 156.300),44.820183333,20.457916667,457142.113,4963118.275,156.3,0.0,0.0,1.0,0.617,267.489,2.0,3.0,1.2,0.6,1.0,0.0,0.0
Visine,,11/24/2025 13:32:45.000 GMT+01:00,POINT Z (20.457903333 44.820191667 156.500),44.820191667,20.457903333,457141.065,4963119.208,156.5,0.0,0.0,1.0,0.72,334.577,2.0,3.0,1.2,0.6,1.0,0.0,0.0
Visine,,11/24/2025 13:32:47.000 GMT+01:00,POINT Z (20.457891667 44.820198333 156.800),44.820198333,20.457891667,457140.147,4963119.955,156.8,0.0,0.0,1.0,0.566,324.091,2.0,3.0,1.0,0.6,0.8,0.0,0.0
Visine,,11/24/2025 13:32:49.000 GMT+01:00,POINT Z (20.457881667 44.820211667 157.200),44.820211667,20.457881667,457139.366,4963121.441,157.2,0.0,0.0,1.0,0.72,323.821,2.0,3.0,0.8,0.4,0.8,0.0,0.0
Visine,,11/24/2025 13:33:28.000 GMT+01:00,POINT Z (20.457966667 44.820198333 154.700),44.820198333,20.457966667,457146.077,4963119.915,154.7,0.0,0.0,1.0,0.206,36.019,2.0,3.0,1.0,0.4,0.8,0.0,0.0
Visine,,11/24/2025 13:33:30.000 GMT+01:00,POINT Z (20.457960000 44.820211667 155.600),44.820211667,20.45796,457145.56,4963121.4,155.6,0.0,0.0,1.0,0.669,347.265,2.0,3.0,1.0,0.4,0.8,0.0,0.0
Visine,,11/24/2025 13:33:33.000 GMT+01:00,POINT Z (20.457951667 44.820216667 156.500),44.820216667,20.457951667,457144.904,4963121.96,156.5,0.0,0.0,1.0,0.0,349.615,2.0,3.0,1.2,0.6,1.0,0.0,0.0
Visine,,11/24/2025 13:33:36.000 GMT+01:00,POINT Z (20.457950000 44.820240000 156.600),44.82024,20.45795,457144.79,4963124.553,156.6,0.0,0.0,1.0,0.566,13.115,2.0,3.0,1.2,0.6,1.0,0.0,0.0
Visine,,11/24/2025 13:33:39.000 GMT+01:00,POINT Z (20.457955000 44.820263333 157.100),44.820263333,20.457955,457145.202,4963127.142,157.1,0.0,0.0,1.0,0.514,357.409,2.0,3.0,1.2,0.6,1.0,0.0,0.0
Visine,,11/24/2025 13:33:42.000 GMT+01:00,POINT Z (20.457950000 44.820281667 156.800),44.820281667,20.45795,457144.821,4963129.181,156.8,0.0,0.0,1.0,0.36,24.669,2.0,3.0,1.2,0.6,1.0,0.0,0.0
Visine,,11/24/2025 13:33:46.000 GMT+01:00,POINT Z (20.457936667 44.820301667 157.400),44.820301667,20.457936667,457143.781,4963131.41,157.4,0.0,0.0,1.0,0.617,21.175,2.0,3.0,1.2,0.6,1.0,0.0,0.0
Visine,,11/24/2025 13:33:47.000 GMT+01:00,POINT Z (20.457933333 44.820308333 157.600),44.820308333,20.457933333,457143.523,4963132.152,157.6,0.0,0.0,1.0,0.514,314.344,2.5,3.0,1.2,0.6,1.0,0.0,0.0
Visine,,11/24/2025 13:33:51.000 GMT+01:00,POINT Z (20.457901667 44.820281667 158.200),44.820281667,20.457901667,457141.0,4963129.207,158.2,0.0,0.0,1.0,0.926,243.687,2.5,3.0,1.0,0.4,0.8,0.0,0.0
Visine,,11/24/2025 13:33:53.000 GMT+01:00,POINT Z (20.457890000 44.820270000 158.600),44.82027,20.45789,457140.068,4963127.917,158.6,0.0,0.0,1.0,0.823,212.686,2.5,3.0,1.0,0.4,0.8,0.0,0.0
Visine,,11/24/2025 13:34:12.000 GMT+01:00,POINT Z (20.457945000 44.820163333 157.600),44.820163333,20.457945,457144.338,4963116.039,157.6,0.0,0.0,1.0,0.823,130.507,2.0,3.0,1.2,0.6,1.0,0.0,0.0
Visine,,11/24/2025 13:34:15.000 GMT+01:00,POINT Z (20.457985000 44.820151667 157.500),44.820151667,20.457985,457147.492,4963114.722,157.5,0.0,0.0,1.0,1.029,87.187,2.0,3.0,1.2,0.6,1.0,0.0,0.0
Visine,,11/24/2025 13:34:17.000 GMT+01:00,POINT Z (20.458011667 44.820158333 157.000),44.820158333,20.458011667,457149.605,4963115.448,157.0,0.0,0.0,1.0,0.72,74.498,2.0,3.0,1.0,0.6,0.8,0.0,0.0
Visine,,11/24/2025 13:34:22.000 GMT+01:00,POINT Z (20.458048333 44.820191667 157.300),44.820191667,20.458048333,457152.528,4963119.132,157.3,0.0,0.0,1.0,1.132,85.653,2.0,3.0,0.8,0.4,0.8,0.0,0.0
Visine,,11/24/2025 13:34:24.000 GMT+01:00,POINT Z (20.458060000 44.820205000 157.800),44.820205,20.45806,457153.461,4963120.607,157.8,0.0,0.0,1.0,0.977,66.232,2.0,3.0,1.2,0.6,1.0,0.0,0.0
Visine,,11/24/2025 13:34:25.000 GMT+01:00,POINT Z (20.458068333 44.820206667 157.900),44.820206667,20.458068333,457154.121,4963120.788,157.9,0.0,0.0,1.0,0.875,109.533,2.0,3.0,1.2,0.6,1.0,0.0,0.0
Visine,,11/24/2025 13:34:27.000 GMT+01:00,POINT Z (20.458090000 44.820215000 158.000),44.820215,20.45809,457155.84,4963121.702,158.0,0.0,0.0,1.0,0.617,96.637,2.0,3.0,1.0,0.6,0.8,0.0,0.0
Visine,,11/24/2025 13:34:29.000 GMT+01:00,POINT Z (20.458108333 44.820220000 158.200),44.82022,20.458108333,457157.293,4963122.248,158.2,0.0,0.0,1.0,0.669,124.586,2.0,3.0,1.0,0.4,0.8,0.0,0.0
Visine,,11/24/2025 13:34:31.000 GMT+01:00,POINT Z (20.458131667 44.820220000 158.100),44.82022,20.458131667,457159.138,4963122.235,158.1,0.0,0.0,1.0,0.566,131.569,2.0,3.0,1.0,0.6,0.8,0.0,0.0
Visine,,11/24/2025 13:34:33.000 GMT+01:00,POINT Z (20.458146667 44.820225000 158.800),44.820225,20.458146667,457160.328,4963122.783,158.8,0.0,0.0,1.0,0.617,95.254,2.0,3.0,1.2,0.6,1.0,0.0,0.0
Visine,,11/24/2025 13:34:35.000 GMT+01:00,POINT Z (20.458163333 44.820225000 159.100),44.820225,20.458163333,457161.645,4963122.774,159.1,0.0,0.0,1.0,0.72,44.358,2.0,3.0,1.2,0.6,1.0,0.0,0.0
Visine,,11/24/2025 13:34:37.000 GMT+01:00,POINT Z (20.458180000 44.820221667 159.100),44.820221667,20.45818,457162.96,4963122.395,159.1,0.0,0.0,1.0,0.566,61.012,2.0,3.0,1.0,0.6,0.8,0.0,0.0
Visine,,11/24/2025 13:34:39.000 GMT+01:00,POINT Z (20.458191667 44.820225000 158.500),44.820225,20.458191667,457163.885,4963122.759,158.5,0.0,0.0,1.0,0.309,75.719,2.0,3.0,1.0,0.6,0.8,0.0,0.0
Visine,,11/24/2025 13:34:41.000 GMT+01:00,POINT Z (20.458205000 44.820233333 158.100),44.820233333,20.458205,457164.946,4963123.678,158.1,0.0,0.0,1.0,0.669,80.888,2.0,3.0,1.0,0.4,0.8,0.0,0.0
Visine,,11/24/2025 13:34:43.000 GMT+01:00,POINT Z (20.458221667 44.820240000 158.700),44.82024,20.458221667,457166.268,4963124.409,158.7,0.0,0.0,1.0,0.36,121.086,2.0,3.0,1.2,0.6,1.0,0.0,0.0
Visine,,11/24/2025 13:34:45.000 GMT+01:00,POINT Z (20.458245000 44.820238333 158.900),44.820238333,20.458245,457168.112,4963124.212,158.9,0.0,0.0,1.0,0.823,145.847,2.0,3.0,1.2,0.6,1.0,0.0,0.0
Visine,,11/24/2025 13:34:47.000 GMT+01:00,POINT Z (20.458266667 44.820236667 159.300),44.820236667,20.458266667,457169.824,4963124.016,159.3,0.0,0.0,1.0,0.72,141.607,2.0,3.0,1.0,0.4,0.8,0.0,0.0
Visine,,11/24/2025 13:34:50.000 GMT+01:00,POINT Z (20.458288333 44.820238333 159.200),44.820238333,20.458288333,457171.538,4963124.189,159.2,0.0,0.0,1.0,0.566,133.744,2.0,3.0,1.0,0.4,0.8,0.0,0.0
Visine,,11/24/2025 13:34:53.000 GMT+01:00,POINT Z (20.458301667 44.820235000 159.700),44.820235,20.458301667,457172.589,4963123.812,159.7,0.0,0.0,1.0,0.257,89.048,2.0,3.0,0.8,0.4,0.8,0.0,0.0
Visine,,11/24/2025 13:34:55.000 GMT+01:00,POINT Z (20.458318333 44.820236667 159.200),44.820236667,20.458318333,457173.908,4963123.988,159.2,0.0,0.0,1.0,0.617,65.379,2.0,3.0,1.0,0.6,0.8,0.0,0.0
Visine,,11/24/2025 13:34:58.000 GMT+01:00,POINT Z (20.458313333 44.820248333 158.800),44.820248333,20.458313333,457173.522,4963125.287,158.8,0.0,0.0,1.0,0.463,352.893,2.0,3.0,1.0,0.4,0.8,0.0,0.0
Visine,,11/24/2025 13:35:00.000 GMT+01:00,POINT Z (20.458313333 44.820256667 159.000),44.820256667,20.458313333,457173.528,4963126.213,159.0,0.0,0.0,1.0,0.309,46.708,2.0,3.0,1.0,0.6,0.8,0.0,0.0
Visine,,11/24/2025 13:35:02.000 GMT+01:00,POINT Z (20.458321667 44.820263333 159.300),44.820263333,20.458321667,457174.192,4963126.949,159.3,0.0,0.0,1.0,0.257,41.532,2.0,3.0,1.0,0.6,0.8,0.0,0.0
Visine,,11/24/2025 13:35:03.000 GMT+01:00,POINT Z (20.458328333 44.820266667 159.300),44.820266667,20.458328333,457174.721,4963127.316,159.3,0.0,0.0,1.0,0.36,48.237,2.0,3.0,1.0,0.6,0.8,0.0,0.0
Visine,,11/24/2025 13:35:05.000 GMT+01:00,POINT Z (20.458338333 44.820268333 158.900),44.820268333,20.458338333,457175.513,4963127.495,158.9,0.0,0.0,1.0,0.309,23.154,2.0,3.0,1.0,0.6,0.8,0.0,0.0
Visine,,11/24/2025 13:35:07.000 GMT+01:00,POINT Z (20.458335000 44.820275000 158.800),44.820275,20.458335,457175.254,4963128.238,158.8,0.0,0.0,1.0,0.412,307.058,2.0,3.0,0.8,0.4,0.8,0.0,0.0
Visine,,11/24/2025 13:35:08.000 GMT+01:00,POINT Z (20.458326667 44.820278333 158.800),44.820278333,20.458326667,457174.598,4963128.612,158.8,0.0,0.0,1.0,0.514,281.599,2.0,3.0,0.8,0.4,0.8,0.0,0.0
Visine,,11/24/2025 13:35:09.000 GMT+01:00,POINT Z (20.458321667 44.820283333 158.500),44.820283333,20.458321667,457174.206,4963129.17,158.5,0.0,0.0,1.0,0.412,286.702,2.0,3.0,0.8,0.4,0.8,0.0,0.0
Visine,,11/24/2025 13:35:11.000 GMT+01:00,POINT Z (20.458306667 44.820286667 158.400),44.820286667,20.458306667,457173.023,4963129.549,158.4,0.0,0.0,1.0,0.617,283.453,2.0,3.0,0.8,0.4,0.6,0.0,0.0
Visine,,11/24/2025 13:35:12.000 GMT+01:00,POINT Z (20.458300000 44.820286667 158.400),44.820286667,20.4583,457172.496,4963129.552,158.4,0.0,0.0,1.0,0.309,283.696,2.0,3.0,0.8,0.4,0.6,0.0,0.0
Visine,,11/24/2025 13:35:13.000 GMT+01:00,POINT Z (20.458283333 44.820285000 158.200),44.820285,20.458283333,457171.177,4963129.376,158.2,0.0,0.0,1.0,0.617,265.055,2.0,3.0,1.0,0.4,0.8,0.0,0.0
Visine,,11/24/2025 13:35:15.000 GMT+01:00,POINT Z (20.458273333 44.820281667 158.300),44.820281667,20.458273333,457170.384,4963129.011,158.3,0.0,0.0,1.0,0.309,227.184,2.0,3.0,1.0,0.4,0.8,0.0,0.0
Visine,,11/24/2025 13:35:16.000 GMT+01:00,POINT Z (20.458268333 44.820275000 158.900),44.820275,20.458268333,457169.984,4963128.273,158.9,0.0,0.0,1.0,0.36,226.535,2.0,3.0,1.0,0.6,0.8,0.0,0.0
Visine,,11/24/2025 13:35:17.000 GMT+01:00,POINT Z (20.458258333 44.820270000 159.000),44.82027,20.458258333,457169.189,4963127.723,159.0,0.0,0.0,1.0,0.412,226.328,2.0,3.0,1.0,0.6,0.8,0.0,0.0
Visine,,11/24/2025 13:35:18.000 GMT+01:00,POINT Z (20.458250000 44.820265000 159.600),44.820265,20.45825,457168.527,4963127.172,159.6,0.0,0.0,1.0,0.72,226.924,2.0,3.0,0.8,0.4,0.6,0.0,0.0
Visine,,11/24/2025 13:35:23.000 GMT+01:00,POINT Z (20.458220000 44.820261667 159.000),44.820261667,20.45822,457166.153,4963126.817,159.0,0.0,0.0,1.0,0.669,38.601,2.0,3.0,1.0,0.4,0.8,0.0,0.0
Visine,,11/24/2025 13:35:24.000 GMT+01:00,POINT Z (20.458221667 44.820266667 159.000),44.820266667,20.458221667,457166.288,4963127.372,159.0,0.0,0.0,1.0,0.154,290.803,2.0,3.0,1.0,0.4,0.8,0.0,0.0
Visine,,11/24/2025 13:35:40.000 GMT+01:00,POINT Z (20.458341667 44.820273333 158.900),44.820273333,20.458341667,457175.78,4963128.049,158.9,0.0,0.0,1.0,1.029,42.105,2.0,3.0,1.0,0.4,0.8,0.0,0.0
Visine,,11/24/2025 13:35:44.000 GMT+01:00,POINT Z (20.458348333 44.820305000 158.200),44.820305,20.458348333,457176.331,4963131.563,158.2,0.0,0.0,1.0,0.977,324.514,2.0,3.0,0.8,0.4,0.8,0.0,0.0
Visine,,11/24/2025 13:35:46.000 GMT+01:00,POINT Z (20.458328333 44.820313333 158.000),44.820313333,20.458328333,457174.756,4963132.499,158.0,0.0,0.0,1.0,0.72,308.639,2.0,3.0,1.0,0.4,0.8,0.0,0.0
Visine,,11/24/2025 13:35:48.000 GMT+01:00,POINT Z (20.458311667 44.820318333 158.400),44.820318333,20.458311667,457173.442,4963133.064,158.4,0.0,0.0,1.0,0.72,324.667,2.0,3.0,1.0,0.4,0.8,0.0,0.0
Visine,,11/24/2025 13:35:52.000 GMT+01:00,POINT Z (20.458283333 44.820333333 158.900),44.820333333,20.458283333,457171.213,4963134.745,158.9,0.0,0.0,1.0,0.566,291.467,2.0,3.0,0.8,0.4,0.8,0.0,0.0
Visine,,11/24/2025 13:35:54.000 GMT+01:00,POINT Z (20.458255000 44.820336667 157.500),44.820336667,20.458255,457168.975,4963135.13,157.5,0.0,0.0,1.0,0.309,292.886,2.0,3.0,1.0,0.6,0.8,0.0,0.0
Visine,,11/24/2025 13:35:56.000 GMT+01:00,POINT Z (20.458246667 44.820340000 156.800),44.82034,20.458246667,457168.319,4963135.505,156.8,0.0,0.0,1.0,0.103,96.552,2.0,3.0,1.0,0.6,0.8,0.0,0.0
Visine,,11/24/2025 13:35:58.000 GMT+01:00,POINT Z (20.458250000 44.820336667 156.200),44.820336667,20.45825,457168.58,4963135.133,156.2,0.0,0.0,1.0,0.103,131.045,2.0,3.0,1.2,0.6,1.0,0.0,0.0
Visine,,11/24/2025 13:36:01.000 GMT+01:00,POINT Z (20.458270000 44.820323333 154.900),44.820323333,20.45827,457170.151,4963133.641,154.9,0.0,0.0,1.0,0.463,125.724,2.0,3.0,1.0,0.6,0.8,0.0,0.0
Visine,,11/24/2025 13:36:04.000 GMT+01:00,POINT Z (20.458285000 44.820320000 155.200),44.82032,20.458285,457171.335,4963133.263,155.2,0.0,0.0,1.0,0.206,164.603,2.0,3.0,1.0,0.4,0.8,0.0,0.0
Visine,,11/24/2025 13:36:06.000 GMT+01:00,POINT Z (20.458296667 44.820306667 155.400),44.820306667,20.458296667,457172.247,4963131.776,155.4,0.0,0.0,1.0,0.514,146.187,2.0,3.0,1.0,0.4,0.8,0.0,0.0
Visine,,11/24/2025 13:36:08.000 GMT+01:00,POINT Z (20.458311667 44.820295000 154.700),44.820295,20.458311667,457173.425,4963130.472,154.7,0.0,0.0,1.0,0.566,146.833,2.0,3.0,0.8,0.4,0.8,0.0,0.0
Visine,,11/24/2025 13:36:10.000 GMT+01:00,POINT Z (20.458326667 44.820290000 154.500),44.82029,20.458326667,457174.607,4963129.908,154.5,0.0,0.0,1.0,0.875,117.038,2.0,3.0,1.0,0.6,0.8,0.0,0.0
